<?xml version="1.0" encoding="utf-8"?>
<module>
  <id>fail2ban-alert</id>
  <name>fail2ban alert</name>
  <description>Shows you and your plesk users an alert if the own ip address is banned by fail2ban, with additional information and the option to unban it.</description>
  <version>1.0.0</version>
  <release>1.0.0</release>
  <vendor>darkretailer</vendor>
  <url>https://github.com/darkretailer/plesk_ext-fail2ban-alert</url>
  <plesk_min_version>18.0.38</plesk_min_version>
  <os>unix</os>
</module>
